Product_id,product_score
0,0.252
1,0.352
2,0.24555
3,0.85405
4,0.85435
5,0.5
6,0.9496
7,0.8884
8,0.352
9,0.95835
10,0.9629
11,0.3
12,0.5
13,0.87125
14,0.71475
15,0.81195
16,0.9158
17,0.8575
18,0.95505
19,0.2213
20,0.42345
21,0.822
22,0.95485
23,0.8886
24,0.44865
25,0.60115
26,0.7202
27,0.33175
28,0.93435
29,0.5
30,0.9342
31,0.96855
32,0.36275
33,0.85765
34,0.05525
35,0.5
36,0.32615
37,0.9201
38,0.5726
39,0.9172
40,0.89225
41,0.7591
42,0.8938
43,-0.1748
44,0.1754
45,0.93895
46,0.7294
47,0.33545
48,0.76165
49,0.12345
50,0.81245
51,0.92775
52,0.86755
53,0.60695
54,0.97685
55,0.9484
56,0.47655
57,0.81195
58,0.3212
59,0.918
60,0.44095
61,0.4944
62,0.74965
63,0.9358
64,-0.0478
65,0.5
66,0.61235
67,0.94175
68,0.5
69,0.17385
70,0.9792
71,0.09585
72,0.5
73,0.89235
74,0.5
75,0.68875
76,0.9824
77,0.9158
78,0.564
79,0.611
80,0.61625
81,0.8892
82,0.81595
83,0.7202
84,0.81245
85,0.9147
86,0.10885
87,0.9035
88,0.85015
89,0.255
90,0.67615
91,0.18925
92,0.41375
93,0.97615
94,0.66955
95,0.9716
96,0.87885
97,0.93275
98,0.8238
99,0.82265
100,0.8548
101,0.5806
102,0.73835
103,0.5
104,0.50645
105,0.9825
106,0.88195
107,0.45135
108,0.31315
109,0.50115
110,0.81245
111,0.845
112,0.72595
113,0.4
114,0.8425
115,0.9769
116,0.70095
117,0.5
118,0.95675
119,0.9568
120,0.85965
121,0.9876
122,0.448
123,0.64345
124,0.78595
125,0.5
126,0.5
127,0.65445
128,0.88565
129,0.9504
130,0.93355
131,0.91355
132,0.9257
133,0.4742
134,0.93275
135,0.42035
136,0.71075
137,0.0479
138,0.11085
139,0.8483
140,0.9806
141,0.9373
142,0.75275
143,-0.271
144,0.86245
145,0.9006
146,0.9467
147,0.7882
148,0.2596
149,0.81845
150,0.25985
151,0.5258
152,0.65835
153,0.9158
154,0.436
155,0.9511
156,0.10975
157,0.9061
158,0.93895
159,-0.0158
160,0.4
161,0.9628
162,0.48065
163,0.61245
164,0.5
165,0.3634
166,0.96005
167,0.78595
168,0.92725
169,0.388
170,0.81245
171,0.95765
172,0.9037
173,0.8754
174,-0.2609
175,0.81845
176,0.82455
177,0.5143
178,0.7202
179,0.81845
180,0.45135
181,0.29835
182,0.69915
183,0.12105
184,0.5
185,0.90895
186,0.7202
187,0.7294
188,0.86245
189,0.94995
190,0.88885
191,0.8037
192,0.71075
193,0.5
194,0.2845
195,0.5
196,0.252
197,0.77895
198,0.6659
199,0.23
200,0.88435
201,0.5
202,0.97295
203,0.901
204,0.84575
205,0.38685
206,0.564
207,0.901
208,0.9721
209,0.92775
210,-0.2355
211,0.69595
212,0.81245
213,-0.226
214,-0.37065
215,0.81245
216,-0.35185
217,0.42985
218,0.9417
219,0.83525
220,0.86755
221,0.7553
222,0.9417
223,0.8632
224,0.74695
225,0.52975
226,0.352
227,0.75165
228,0.9567
229,0.9531
230,0.9061
231,0.5
232,0.8498
233,0.859
234,0.60095
235,0.39135
236,0.87605
237,0.8916
238,0.8348
239,0.954
240,0.18895
241,0.91355
242,0.8707
243,0.95405
244,0.2003
245,0.918
246,0.8712
247,0.34015
248,0.87895
249,0.1938
250,0.98505
251,0.7034
252,0.5
253,0.80575
254,0.9359
255,0.545
256,0.7715
257,0.96495
258,0.32345
259,0.5639
260,0.32345
261,0.80935
262,0.95995
263,0.3214
264,0.7553
265,0.13015
266,0.67355
267,0.9732
268,0.48895
269,0.7924
270,0.8841
271,0.6591
272,0.8869
273,0.95285
274,0.6582
275,0.951
276,0.8801
277,0.8592
278,0.81845
279,0.8825
280,0.5715
281,0.78595
282,0.81245
283,0.81245
284,0.77435
285,0.88585
286,0.2447
287,0.5312
288,0.09355
289,0.81845
290,0.55135
291,0.91045
292,0.924
293,0.76345
294,0.6736
295,-0.1863
296,-0.2221
297,0.5386
298,0.6858
299,0.5
300,0.9201
301,0.5
302,0.58435
303,0.3233
304,0.76335
305,0.5
306,0.5286
307,0.4617
308,0.1068
309,0.8214
310,0.9369
311,0.8953
312,0.92775
313,0.21405
314,0.7202
315,0.97465
316,0.9517
317,0.5854
318,0.82405
319,0.3747
320,0.98855
321,0.8243
322,0.91255
323,0.60115
324,0.6366
325,0.76345
326,0.0573
327,0.8712
328,0.90885
329,0.9061
330,0.20705
331,0.22505
332,0.67895
333,0.95005
334,0.2433
335,0.76155
336,0.93
337,0.98215
338,0.8712
339,0.7997
340,0.91355
341,0.9819
342,0.78535
343,0.83265
344,0.6366
345,0.5
346,0.8407
347,0.61005
348,0.951
349,0.58895
350,0.833
351,0.9082
352,0.86625
353,0.3202
354,0.04885
355,-0.06845
356,0.95805
357,0.4206
358,0.64505
359,0.87845
360,0.65445
361,0.9388
362,-0.17115
363,0.78595
364,0.91125
365,0.94465
366,0.71075
367,0.8953
368,0.76335
369,0.76755
370,0.78595
371,-0.334
372,0.74585
373,0.2713
374,0.8825
375,0.98155
376,0.7202
377,0.84985
378,0.1694
379,0.70285
380,0.96625
381,0.80425
382,0.7515
383,0.9575
384,0.5
385,0.6806
386,0.5
387,0.60525
388,0.81245
389,0.8982
390,0.93895
391,0.9637
392,0.8328
393,0.82745
394,0.6202
395,0.1837
396,0.18925
397,0.97215
398,-0.0825
399,-0.05765
400,0.5
401,0.8417
402,0.91125
403,0.6299
404,0.8375
405,0.968
406,0.5
407,0.4
408,0.9403
409,0.78595
410,0.6292
411,0.95215
412,0.32515
413,0.9511
414,0.9035
415,0.9035
416,0.86755
417,0.28925
418,0.1047
419,0.8811
420,0.44865
421,0.67
422,0.2419
423,0.81245
424,0.96855
425,0.98175
426,0.4
427,0.5
428,-0.1037
429,0.93125
430,0.9883
431,0.9258
432,0.8243
433,0.8787
434,0.28925
435,0.92595
436,0.455
437,0.33
438,0.97855
439,0.8243
440,0.6366
441,0.1125
442,0.1596
443,0.8238
444,0.9324
445,0.81355
446,0.89355
447,0.59125
448,0.96935
449,0.5386
450,0.9494
451,0.9746
452,0.208
453,0.9337
454,0.81245
455,0.96745
456,0.5
457,0.7202
458,0.7803
459,0.5377
460,0.8815
461,0.2003
462,0.5507
463,0.1554
464,0.918
465,0.93445
466,0.5
467,0.92405
468,0.93925
469,0.9186
470,0.33835
471,0.7715
472,0.5
473,0.97505
474,0.63455
475,0.61315
476,0.65445
477,0.8712
478,0.87125
479,0.9568
480,0.82865
481,0.6294
482,0.36505
483,0.5
484,0.58895
485,0.81245
486,0.5
487,0.6591
488,-0.13835
489,0.9386
490,-0.0715
491,-0.2572
492,0.1369
493,0.68945
494,0.94375
495,0.78595
496,0.5
497,0.5577
498,0.37995
499,0.7997
500,0.7701
501,0.81845
502,0.7884
503,0.2713
504,0.038
505,0.76345
506,0.8243
507,0.29905
508,0.45135
509,0.6806
510,0.5075
511,0.81245
512,-0.32595
513,0.3222
514,0.8474
515,0.9086
516,0.70995
517,0.9875
518,0.2003
519,0.9559
520,0.98255
521,0.6838
522,0.8953
523,0.60115
524,0.83525
525,0.7463
526,0.89205
527,0.6909
528,0.6806
529,0.78595
530,0.81845
531,0.90775
532,0.8422
533,0.5
534,0.9526
535,0.608
536,0.91355
537,-0.1498
538,0.2
539,0.92405
540,0.78595
541,0.852
542,0.9158
543,0.97975
544,0.8589
545,0.4871
546,0.78595
547,0.7901
548,0.81245
549,0.44865
550,0.42345
551,0.93895
552,0.30485
553,0.77495
554,0.30735
555,0.90295
556,0.7463
557,0.86345
558,0.6591
559,0.4
560,0.2796
561,0.8753
562,0.77815
563,0.9775
564,0.85015
565,0.901
566,0.9239
567,0.7969
568,0.7072
569,0.49405
570,0.81245
571,0.437
572,0.74635
573,0.4527
574,0.18855
575,0.26165
576,0.7202
577,0.5893
578,0.66455
579,0.32555
580,0.8953
581,0.2423
582,0.81245
583,-0.28585
584,0.73835
585,0.8234
586,0.78595
587,0.93895
588,0.51315
589,0.81245
590,0.7981
591,0.894
592,0.93445
593,0.51325
594,0.7256
595,-0.11105
596,0.9701
597,0.95585
598,0.8478
599,0.7202
600,0.6202
601,0.6901
602,0.60345
603,0.5
604,0.8701
605,0.5
606,0.96785
607,0.3634
608,0.67
609,0.6806
610,0.9359
611,0.14985
612,0.7202
613,0.3956
614,0.96915
615,-0.3981
616,0.7621
617,0.80935
618,0.89175
619,0.59375
620,0.60115
621,0.50575
622,0.97855
623,0.303
624,0.96525
625,0.81855
626,-0.16335
627,0.70165
628,0.7786
629,0.13975
630,0.6858
631,0.8856
632,0.92405
633,0.9455
634,0.9158
635,0.94335
636,0.2706
637,0.5
638,0.6568
639,0.71075
640,0.5
641,0.3634
642,0.8997
643,0.5
644,0.93275
645,0.9221
646,0.7842
647,0.9214
648,0.95065
649,0.6202
650,0.8062
651,0.3806
652,0.4102
653,0.348
654,0.7787
655,0.6366
656,0.9305
657,0.95005
658,0.9838
659,0.555
660,0.6366
661,0.94035
662,0.71075
663,0.87995
664,0.54695
665,0.95565
666,0.1452
667,0.6366
668,-0.2825
669,0.9212
670,0.81245
671,0.8842
672,0.92405
673,0.8221
674,0.71075
675,0.09905
676,0.5992
677,0.81245
678,-0.20505
679,0.6202
680,0.9637
681,0.9415
682,0.7463
683,0.1296
684,0.83525
685,0.92915
686,0.83485
687,0.81245
688,0.6806
689,0.6862
690,0.8223
691,-0.09595
692,0.8062
693,0.91565
694,0.22885
695,0.8607
696,0.91355
697,0.97295
698,0.5129
699,0.41205
700,0.79295
701,0.80575
702,0.75335
703,0.74635
704,0.93195
705,0.70095
706,0.18155
707,0.53585
708,0.96265
709,0.5
710,0.0669
711,0.4129
712,0.248
713,0.5
714,0.59675
715,0.92405
716,0.17905
717,0.79295
718,0.78595
719,0.6366
720,0.22195
721,0.8429
722,0.48895
723,0.7701
724,0.89225
725,0.28685
726,0.4
727,0.92595
728,0.5386
729,0.95995
730,0.9508
731,0.80495
732,0.71245
733,0.5
734,0.05965
735,0.74325
736,0.3194
737,0.88405
738,0.9375
739,0.9088
740,0.39825
741,0.8661
742,0.94465
743,0.4614
744,0.97115
745,0.87895
746,0.79915
747,0.3742
748,0.5478
749,0.69595
750,0.79295
751,0.8938
752,0.0799
753,0.9756
754,0.92405
755,0.8201
756,0.81845
757,0.7294
758,0.6806
759,0.61315
760,0.87895
761,0.9628
762,0.8062
763,0.9311
764,0.8404
765,0.1546
766,0.5
767,0.5935
768,0.85115
769,0.82985
770,0.94855
771,0.352
772,0.3211
773,0.19905
774,0.7202
775,0.87795
776,0.79225
777,0.78265
778,0.7825
779,0.9148
780,0.54425
781,0.91765
782,0.76
783,0.4614
784,0.8441
785,0.8907
786,0.715
787,0.13705
788,0.98165
789,0.10955
790,0.33175
791,0.446
792,0.7743
793,0.8057
794,0.93345
795,0.9455
796,0.93195
797,0.5
798,0.31345
799,0.81845
800,0.97315
801,0.76755
802,0.76335
803,0.7296
804,0.7202
805,0.8809
806,0.86325
807,0.86755
808,0.80575
809,0.9637
810,0.7017
811,0.352
812,0.96385
813,0.87285
814,0.9725
815,0.82985
816,0.9375
817,0.5
818,-0.27255
819,0.0514
820,0.95825
821,-0.1994
822,0.97305
823,0.8953
824,0.81245
825,0.5386
826,0.85015
827,0.7202
828,0.9727
829,0.8062
830,0.8982
831,0.9037
832,0.95495
833,0.92405
834,-0.1553
835,0.2003
836,0.7787
837,0.6591
838,0.61005
839,0.89435
840,-0.1339
841,0.81845
842,0.9201
843,0.0664
844,0.87125
845,0.93435
846,0.6358
847,0.8229
848,0.2003
849,0.8548
850,0.96625
851,0.9499
852,0.95305
853,0.5
854,0.5122
855,0.9416
856,0.18925
857,0.8616
858,0.88915
859,0.61075
860,-0.001
861,0.88255
862,0.77115
863,0.5122
864,0.881
865,0.7202
866,0.83485
867,0.60115
868,0.6049
869,0.92925
870,0.1065
871,0.9841
872,0.44965
873,0.8671
874,0.0516
875,0.548
876,0.8243
877,0.78595
878,0.97075
879,0.9437
880,0.9201
881,0.5
882,0.60235
883,0.92775
884,0.44105
885,0.0418
886,0.8286
887,0.88475
888,0.93965
889,0.2261
890,0.6997
891,0.32555
892,-0.05985
893,0.33
894,0.6062
895,0.4514
896,0.94235
897,0.93445
898,0.69855
899,0.9258
900,0.8691
901,0.5806
902,0.53775
903,0.60095
904,0.7907
905,0.7589
906,0.48795
907,0.7155
908,0.29905
909,0.84505
910,0.81245
911,0.94405
912,0.96215
913,0.7214
914,0.6366
915,0.86965
916,0.4776
917,0.32345
918,0.8715
919,0.9163
920,0.35705
921,0.59725
922,0.89225
923,0.74335
924,0.88915
925,0.81095
926,0.77115
927,0.81845
928,0.81245
929,0.84505
930,0.8417
931,0.8062
932,0.6366
933,0.47845
934,-0.1673
935,0.89355
936,0.65835
937,0.5129
938,0.4871
939,0.5
940,0.4596
941,0.9617
942,0.9008
943,0.9526
944,0.9779
945,0.7346
946,0.71145
947,0.95405
948,0.5692
949,0.9732
950,0.943
951,0.97455
952,0.76345
953,0.51895
954,0.5
955,0.41845
956,0.9008
957,0.4102
958,0.6357
959,0.5
960,0.9437
961,0.92945
962,0.66345
963,0.62405
964,0.8548
965,0.8548
966,0.8404
967,0.7787
968,0.97475
969,0.3791
970,0.90135
971,0.94115
972,0.8271
973,0.84945
974,0.94415
975,0.09255
976,0.7553
977,0.8239
978,0.3871
979,0.5258
980,0.60115
981,0.8404
982,0.8454
983,0.3614
984,0.94515
985,0.5014
986,0.74635
987,0.77115
988,0.81845
989,-0.1682
990,0.881
991,0.86065
992,0.5
993,0.80935
994,0.9623
995,0.9521
996,0.7997
997,0.9818
998,0.7188
999,0.38685
1000,0.98025
1001,0.3529
1002,0.64275
1003,0.29905
1004,0.60115
1005,0.1596
1006,0.8632
1007,0.9479
1008,0.89985
1009,0.75465
1010,0.8856
1011,0.99295
1012,0.0742
1013,0.8694
1014,0.95325
1015,0.8155
1016,0.88675
1017,0.6202
1018,0.38705
1019,0.625
1020,0.53525
1021,0.77655
1022,0.36225
1023,0.9776
1024,0.65155
1025,0.83785
1026,0.8283
1027,0.4155
1028,0.3896
1029,0.83175
1030,0.9729
1031,0.59505
1032,0.4806
1033,0.82985
1034,0.88885
1035,0.3841
1036,0.94025
1037,0.92695
1038,0.143
1039,0.41605
1040,0.95885
1041,0.7992
1042,0.58895
1043,0.97405
1044,0.3941
1045,0.67
1046,0.71075
1047,0.16515
1048,0.91365
1049,0.8592
1050,0.69675
1051,0.76335
1052,0.5258
1053,0.5
1054,-0.13435
1055,0.3091
1056,0.92405
1057,0.84505
1058,0.44325
1059,0.7339
1060,0.93895
1061,0.78595
1062,0.9619
1063,0.63165
1064,0.6527
1065,0.9521
1066,0.97055
1067,0.8782
1068,0.4871
1069,0.6909
1070,0.9329
1071,0.81595
1072,0.16555
1073,0.9374
1074,0.78595
1075,0.86085
1076,0.9531
1077,0.7548
1078,-0.0901
1079,0.7202
1080,0.57925
1081,0.5591
1082,0.875
1083,0.77555
1084,0.9584
1085,0.72485
1086,0.55135
1087,0.68595
1088,0.70095
1089,0.92775
1090,0.9467
1091,0.7844
1092,0.33
1093,0.1285
1094,0.92895
1095,0.9918
1096,0.4991
1097,0.8434
1098,0.9872
1099,0.86135
1100,0.98995
1101,0.7296
1102,0.33365
1103,0.5
1104,0.9557
1105,0.11915
1106,0.2194
1107,0.5386
1108,0.9026
1109,0.625
1110,0.5
1111,0.5748
1112,0.9454
1113,0.8062
1114,0.9754
1115,0.86345
1116,0.5101
1117,0.9258
1118,0.8454
1119,0.87265
1120,0.86755
1121,0.7202
1122,0.6692
1123,0.9127
1124,0.85305
1125,0.60295
1126,0.7202
1127,0.96155
1128,0.87895
1129,0.8938
1130,0.5984
1131,-0.3539
1132,0.8548
1133,0.95995
1134,0.9088
1135,0.89785
1136,0.5
1137,0.9311
1138,0.8801
1139,0.57015
1140,0.8982
1141,0.90325
1142,0.18405
1143,0.352
1144,0.436
1145,0.9498
1146,0.7294
1147,0.5
1148,0.6358
1149,0.5101
1150,0.8494
1151,-0.18395
1152,0.91105
1153,0.92375
1154,0.81845
1155,0.5
1156,0.6806
1157,0.8889
1158,0.7525
1159,0.79205
1160,0.81255
1161,0.8592
1162,0.5
1163,0.3138
1164,0.91705
1165,0.91355
1166,0.31465
1167,0.8592
1168,0.5129
1169,0.90865
1170,0.6806
1171,0.38685
1172,0.88585
1173,0.06165
1174,0.6366
1175,0.39885
1176,-0.38505
1177,0.99585
1178,0.9762
1179,0.6806
1180,0.6779
1181,0.8134
1182,0.5
1183,0.81245
1184,0.81845
1185,0.5043
1186,0.9701
1187,0.6261
1188,-0.17275
1189,0.8471
1190,0.5258
1191,0.236
1192,0.9201
1193,0.2003
1194,0.5
1195,0.95405
1196,0.61315
1197,0.33
1198,0.99135
1199,0.8719
1200,0.77895
1201,0.2063
1202,0.7463
1203,0.12285
1204,0.94725
1205,0.72485
1206,-0.19875
1207,0.47655
1208,0.5061
1209,0.5386
1210,0.16745
1211,0.81845
1212,0.9626
1213,0.78765
1214,0.88775
1215,0.74455
1216,0.65445
1217,0.7202
1218,0.16815
1219,0.23665
1220,0.97375
1221,0.78595
1222,0.76595
1223,0.4742
1224,0.78935
1225,0.5
1226,0.7287
1227,0.7773
1228,0.83485
1229,0.67
1230,0.93125
1231,0.85795
1232,0.8866
1233,0.9809
1234,0.93835
1235,0.0309
1236,0.9484
1237,0.06825
1238,-0.1553
1239,0.36915
1240,0.9021
1241,0.4
1242,0.5
1243,0.9455
1244,0.81245
1245,0.81245
1246,0.92215
1247,-0.21845
1248,0.81245
1249,-0.32405
1250,0.5
1251,0.81245
1252,0.82985
1253,0.968
1254,0.58995
1255,0.7202
1256,0.79635
1257,0.5366
1258,0.5
1259,-0.00235
1260,0.9035
1261,0.835
1262,0.9477
1263,0.8037
1264,0.8062
1265,0.9037
1266,0.352
1267,0.33
1268,0.93125
1269,0.4423
1270,0.7202
1271,-0.025
1272,0.7404
1273,0.88915
1274,0.7997
1275,0.44775
1276,0.81245
1277,0.9288
1278,0.91355
1279,0.64635
1280,0.95385
1281,0.01575
1282,0.86135
1283,0.8348
1284,0.3742
1285,0.8063
1286,0.57655
1287,0.43525
1288,0.3217
1289,0.8294
1290,0.8982
1291,0.8892
1292,0.96155
1293,0.111
1294,0.78175
1295,0.9417
1296,0.9623
1297,0.81245
1298,0.85015
1299,0.92405
1300,0.7867
1301,0.60115
1302,0.82985
1303,-0.1787
1304,0.5
1305,0.8953
1306,0.8673
1307,0.95515
1308,0.7825
1309,0.8494
1310,0.5258
1311,0.7997
1312,0.71075
1313,0.81245
1314,0.8673
1315,0.86895
1316,0.737
1317,0.4778
1318,0.95405
1319,0.58895
1320,0.63835
1321,0.8424
1322,0.73765
1323,-0.25025
1324,0.12885
1325,0.9511
1326,0.49995
1327,0.39885
1328,0.65115
1329,0.95825
1330,0.60115
1331,0.84465
1332,0.8548
1333,0.6939
1334,0.973
1335,0.9828
1336,0.58895
1337,0.91005
1338,0.4
1339,0.5258
1340,0.58285
1341,0.74635
1342,0.96535
1343,0.3211
1344,0.81845
1345,0.96565
1346,0.9629
1347,0.9199
1348,0.9678
1349,0.8553
1350,0.352
1351,0.2447
1352,0.85855
1353,0.73785
1354,0.85205
1355,0.7931
1356,0.5
1357,0.6858
1358,0.0866
1359,0.81245
1360,0.9521
1361,0.7202
1362,0.9492
1363,0.37075
1364,0.81245
1365,-0.048
1366,0.88235
1367,0.1093
1368,0.4793
1369,0.5
1370,0.96355
1371,0.83725
1372,0.50955
1373,0.81245
1374,0.8842
1375,0.96605
1376,0.87895
1377,0.7202
1378,0.7202
1379,0.38595
1380,0.9739
1381,0.849
1382,-0.00115
1383,0.66545
1384,0.8243
1385,0.7062
1386,0.6909
1387,0.9521
1388,0.7548
1389,0.72335
1390,0.70995
1391,0.92595
1392,0.5
1393,0.5
1394,0.83845
1395,0.89735
1396,0.7997
1397,0.648
1398,0.9033
1399,0.3798
1400,0.89465
1401,0.78595
1402,0.83465
1403,0.30665
1404,0.96625
1405,0.2089
1406,0.60115
1407,0.5
1408,0.182
1409,0.81845
1410,0.5
1411,0.9037
1412,0.89545
1413,0.44865
1414,0.11415
1415,0.85815
1416,0.8243
1417,0.8592
1418,0.5
1419,0.58285
1420,0.7202
1421,0.6202
1422,0.65445
1423,0.84105
1424,0.71955
1425,0.93435
1426,0.9665
1427,0.812
1428,0.5
1429,0.9467
1430,0.32005
1431,0.7074
1432,0.96435
1433,0.67975
1434,0.90715
1435,0.57965
1436,0.808
1437,0.60095
1438,0.41195
1439,0.61315
1440,0.8317
1441,0.74165
1442,0.548
1443,0.8294
1444,0.93895
1445,0.5
1446,0.9311
1447,0.81845
1448,0.1452
1449,0.46095
1450,0.3634
1451,0.5806
1452,0.6377
1453,0.7202
1454,0.9311
1455,0.94425
1456,0.73005
1457,0.63305
1458,0.9063
1459,0.5
1460,0.2305
1461,0.97905
1462,0.85015
1463,0.99055
1464,0.8875
1465,0.8707
1466,0.23645
1467,0.93955
1468,0.88585
1469,0.9174
1470,0.5
1471,0.9711
1472,0.2099
1473,0.6072
1474,0.94415
1475,0.68085
1476,0.2547
1477,0.7243
1478,0.86755
1479,-0.3134
1480,0.8068
1481,0.93895
1482,0.95495
1483,0.3187
1484,0.5
1485,0.4
1486,0.8494
1487,0.87535
1488,0.8748
1489,0.5495
1490,0.71845
1491,0.75335
1492,0.2091
1493,0.99025
1494,0.81845
1495,0.73825
1496,0.915
1497,0.7715
1498,0.85815
1499,0.17555
1500,0.5
1501,0.90245
1502,0.9172
1503,0.6806
1504,0.84935
1505,0.7139
1506,0.87515
1507,0.9856
1508,0.58895
1509,0.97205
1510,0.61075
1511,0.5
1512,0.91355
1513,0.4
1514,0.7602
1515,0.71845
1516,0.6366
1517,0.5
1518,0.30325
1519,0.5
1520,0.86345
1521,0.70095
1522,0.94815
1523,0.70995
1524,0.625
1525,0.87895
1526,0.563
1527,0.0447
1528,0.9714
1529,0.75265
1530,0.74695
1531,0.6673
1532,0.9467
1533,0.97115
1534,0.5
1535,0.955
1536,0.85305
1537,0.81245
1538,0.4791
1539,0.972
1540,0.8531
1541,0.91355
1542,0.9192
1543,0.7592
1544,0.97875
1545,0.86755
1546,0.91355
1547,0.86755
1548,0.8031
1549,0.42445
1550,0.92595
1551,0.0992
1552,-0.3169
1553,0.7364
1554,0.5366
1555,0.97725
1556,0.7946
1557,0.5
1558,0.9292
1559,0.9883
1560,0.82595
1561,0.9775
1562,0.97445
1563,0.6591
1564,0.92595
1565,0.8964
1566,0.5
1567,0.9231
1568,0.5
1569,0.91125
1570,0.8446
1571,0.15535
1572,0.7202
1573,0.7794
1574,0.9545
1575,0.84765
1576,-0.06075
1577,0.96915
1578,0.93205
1579,0.88585
1580,0.9359
1581,0.0546
1582,0.1221
1583,0.6806
1584,0.364
1585,0.5
1586,0.9685
1587,0.6997
1588,0.5155
1589,0.92575
1590,0.73975
1591,0.1546
1592,0.12505
1593,0.56665
1594,0.14565
1595,0.94415
1596,0.26555
1597,0.64525
1598,0.78595
1599,0.7202
1600,0.87505
1601,0.6591
1602,0.7377
1603,-0.1155
1604,0.88915
1605,0.951
1606,0.8294
1607,0.22015
1608,0.4742
1609,0.78595
1610,-0.11075
1611,0.87345
1612,0.1441
1613,0.94765
1614,0.87895
1615,0.83405
1616,0.60325
1617,-0.03825
1618,0.62005
1619,0.9459
1620,0.3665
1621,0.9613
1622,0.81245
1623,0.9916
1624,0.87895
1625,0.64325
1626,0.76335
1627,0.81845
1628,0.8715
1629,0.60115
1630,0.648
1631,0.7155
1632,0.7753
1633,0.60115
1634,0.97065
1635,0.4871
1636,0.93965
1637,0.9088
1638,-0.2768
1639,0.954
1640,0.60115
1641,0.83435
1642,0.7752
1643,0.6202
1644,0.6806
1645,0.22875
1646,0.6591
1647,0.891
1648,0.44865
1649,0.85545
1650,0.4
1651,0.88075
1652,0.6913
1653,0.7987
1654,0.2003
1655,0.22805
1656,0.65445
1657,0.9329
1658,0.4
1659,0.5582
1660,0.29715
1661,0.63775
1662,0.35675
1663,0.8964
1664,0.085
1665,0.8062
1666,0.5
1667,0.85015
1668,0.3864
1669,0.9201
1670,0.4
1671,0.88775
1672,0.9329
1673,0.78595
1674,0.5593
1675,0.85815
1676,0.50645
1677,0.81245
1678,0.60115
1679,0.92595
1680,0.686
1681,0.73835
1682,0.12105
1683,0.98235
1684,0.95395
1685,0.95295
1686,0.563
1687,0.1047
1688,0.5
1689,0.4579
1690,0.7202
1691,0.5
1692,0.6202
1693,0.79245
1694,0.87375
1695,0.98075
1696,0.5
1697,0.9743
1698,0.93275
1699,-0.17495
1700,0.8548
1701,0.0757
1702,0.84035
1703,0.7938
1704,0.7787
1705,0.94025
1706,0.4
1707,-0.0548
1708,0.32015
1709,0.4591
1710,0.4258
1711,0.84955
1712,0.58805
1713,0.6242
1714,-0.25955
1715,0.81245
1716,0.81845
1717,0.5258
1718,0.954
1719,0.70095
1720,0.58225
1721,0.8982
1722,0.1742
1723,0.81845
1724,0.2706
1725,0.7628
1726,0.6242
1727,0.7172
1728,0.5
1729,0.8454
1730,0.9171
1731,0.28215
1732,0.88915
1733,0.436
1734,0.6986
1735,0.3091
1736,0.2
1737,0.6858
1738,0.87115
1739,0.28825
1740,0.8825
1741,0.6806
1742,0.8632
1743,0.593
1744,0.89225
1745,0.897
1746,0.81245
1747,0.3
1748,0.7997
1749,0.95205
1750,0.5
1751,-0.1855
1752,0.5267
1753,0.7787
1754,0.95405
1755,0.78915
1756,0.69595
1757,0.97225
1758,0.28395
1759,0.968
1760,-0.38865
1761,0.67985
1762,0.3078
1763,0.87265
1764,0.8842
1765,0.6366
1766,0.7164
1767,0.8877
1768,0.97675
1769,0.9158
1770,0.8062
1771,0.81245
1772,0.375
1773,0.40235
1774,0.80905
1775,0.8348
1776,0.74695
1777,0.5454
1778,0.67385
1779,0.1869
1780,0.5
1781,0.60115
1782,0.9279
1783,0.7202
1784,0.9359
1785,0.9467
1786,0.4084
1787,0.7202
1788,0.7997
1789,0.9416
1790,-0.01315
1791,0.56415
1792,0.8062
1793,0.9846
1794,0.9373
1795,0.1
1796,0.70335
1797,0.78595
1798,0.94785
1799,0.51915
1800,0.81935
1801,0.6591
1802,0.8243
1803,0.39375
1804,0.81845
1805,0.89855
1806,0.2003
1807,0.81245
1808,0.95195
1809,0.87425
1810,0.58895
1811,0.8517
1812,0.32195
1813,-0.30885
1814,0.648
1815,0.9037
1816,0.87375
1817,0.80575
1818,0.81465
1819,0.6202
1820,0.9258
1821,0.918
1822,0.9329
1823,0.7454
1824,0.20625
1825,0.9587
1826,0.88665
1827,0.8715
1828,0.9535
1829,-0.048
1830,0.9063
1831,0.23665
1832,0.8825
1833,0.3294
1834,0.2003
1835,0.60115
1836,0.6739
1837,0.5
1838,0.96085
1839,0.8495
1840,0.4442
1841,0.55135
1842,0.4871
1843,0.52585
1844,0.9065
1845,0.6591
1846,0.78435
1847,0.65445
1848,0.9008
1849,0.93215
1850,0.81245
1851,0.8086
1852,0.78595
1853,0.8396
1854,0.5
1855,0.60285
1856,0.2292
1857,0.5703
1858,0.94425
1859,0.7811
1860,0.0423
1861,0.72275
1862,0.88195
1863,0.9623
1864,0.94025
1865,0.464
1866,0.33835
1867,0.81845
1868,0.79295
1869,0.65445
1870,0.6806
1871,0.39885
1872,0.2068
1873,0.3742
1874,-0.11195
1875,0.9476
1876,0.7848
1877,0.9201
1878,0.2213
1879,0.8753
1880,0.71075
1881,0.3091
1882,0.325
1883,0.9148
1884,0.7442
1885,0.2366
1886,0.905
1887,-0.2404
1888,0.9342
1889,0.7518
1890,0.0226
1891,0.8586
1892,0.93825
1893,0.8756
1894,0.9134
1895,0.9294
1896,0.943
1897,0.77325
1898,0.8404
1899,0.8825
1900,0.29905
1901,0.74515
1902,0.5
1903,0.7202
1904,-0.39505
1905,0.7287
1906,0.9584
1907,0.5
1908,0.5
1909,0.6951
1910,0.75775
1911,0.11935
1912,0.0806
1913,0.5
1914,0.5
1915,0.91655
1916,0.34865
1917,0.88865
1918,0.88565
1919,0.87895
1920,0.6406
1921,0.81845
1922,0.84915
1923,0.83125
1924,0.5
1925,0.89225
1926,0.3
1927,0.90205
1928,0.85625
1929,0.6233
1930,0.1596
1931,0.3
1932,0.5386
1933,0.86345
1934,0.5
1935,0.68595
1936,0.8189
1937,0.8279
1938,0.4
1939,0.6591
1940,0.83485
1941,0.69595
1942,0.81245
1943,0.5183
1944,0.90965
1945,0.918
1946,0.92955
1947,0.9691
1948,0.5
1949,0.3789
1950,0.3
1951,0.963
1952,0.78595
1953,0.63045
1954,0.9201
1955,0.92595
1956,0.56815
1957,0.61315
1958,0.6591
1959,0.88905
1960,0.77115
1961,0.5
1962,-0.06715
1963,0.1
1964,0.437
1965,0.8294
1966,0.79045
1967,0.44865
1968,0.70115
1969,0.9129
1970,0.2003
1971,0.7787
1972,0.7845
1973,-0.218
1974,0.86345
1975,0.9567
1976,0.5
1977,-0.3368
1978,0.2392
1979,0.97465
1980,0.2003
1981,0.8632
1982,0.5129
1983,0.5386
1984,0.5
1985,0.7202
1986,0.6806
1987,0.9593
1988,0.4522
1989,0.7534
1990,0.9578
1991,0.9021
1992,0.52825
1993,0.73055
1994,0.95915
1995,0.9875
1996,0.7202
1997,0.8868
1998,0.1627
1999,0.564
2000,0.39885
2001,0.85495
2002,0.9725
2003,0.8953
2004,0.5
2005,0.85665
2006,0.8753
2007,0.4899
2008,0.915
2009,0.754
2010,0.082
2011,-0.3482
2012,0.78595
2013,0.464
2014,0.81245
2015,0.1644
2016,0.83175
2017,0.5
2018,0.7903
2019,0.4328
2020,0.28685
2021,0.8384
2022,0.81845
2023,0.9426
2024,0.6731
2025,0.58895
2026,0.88915
2027,0.2693
2028,0.26525
2029,0.9448
2030,0.8404
2031,0.999
2032,0.8057
2033,0.7787
2034,0.5
2035,0.79295
2036,0.83775
2037,0.4614
2038,0.92405
2039,0.5
2040,0.74355
2041,0.2213
2042,-0.13585
2043,0.60115
2044,0.6313
2045,0.8644
2046,0.8568
2047,0.89625
2048,0.29905
2049,0.1971
2050,0.88855
2051,-0.1454
2052,0.8725
2053,0.76335
2054,0.94785
2055,0.7825
2056,0.8982
2057,0.84985
2058,0.1003
2059,0.7155
2060,0.76755
2061,0.8088
2062,-0.2589
2063,0.4
2064,0.5806
2065,0.8294
2066,0.70865
2067,0.95915
2068,0.8062
2069,0.74975
2070,0.5
2071,0.89225
2072,0.89225
2073,0.96335
2074,0.75935
2075,-0.1558
2076,0.92515
2077,0.9418
2078,0.96595
2079,0.70095
2080,0.16475
2081,0.6806
2082,0.963
2083,0.22885
2084,0.78595
2085,0.26915
2086,0.5
2087,0.8382
2088,0.9061
2089,0.955
2090,0.857
2091,0.92145
2092,0.8637
2093,0.5
2094,0.88915
2095,0.6471
2096,0.9726
2097,0.6858
2098,0.6806
2099,0.3742
2100,0.9521
2101,0.04535
2102,0.5
2103,0.94035
2104,0.95495
2105,0.41375
2106,0.7523
2107,0.61315
2108,0.9162
2109,0.71845
2110,0.5249
2111,0.78945
2112,0.91355
2113,0.2213
2114,0.88225
2115,0.9102
2116,0.5292
2117,0.8431
2118,0.8062
2119,0.5386
2120,0.9375
2121,0.69205
2122,0.894
2123,0.8825
2124,0.7202
2125,0.5
2126,0.8294
2127,0.918
2128,0.76635
2129,0.79225
2130,0.41825
2131,0.91355
2132,0.1938
2133,0.83855
2134,0.50645
2135,0.892
2136,0.9852
2137,0.81245
2138,0.60115
2139,0.9429
2140,0.6806
2141,0.37655
2142,0.9417
2143,0.07315
2144,0.92955
2145,0.5
2146,0.4231
2147,0.95525
2148,0.60115
2149,0.86555
2150,0.68855
2151,0.8863
2152,0.96005
2153,0.9329
2154,0.7202
2155,-0.0296
2156,0.5
2157,0.7699
2158,0.81405
2159,0.7558
2160,0.33835
2161,-0.00815
2162,0.9719
2163,0.7553
2164,0.679
2165,0.7155
2166,0.94725
2167,0.91355
2168,0.4202
2169,0.9037
2170,-0.30575
2171,0.9293
2172,0.8825
2173,0.9463
2174,0.5
2175,0.45135
2176,0.8446
2177,0.6901
2178,0.86755
2179,0.71075
2180,0.7283
2181,0.077
2182,0.835
2183,0.9656
2184,0.78595
2185,0.92405
2186,0.85435
2187,0.1175
2188,0.6591
2189,0.92405
2190,0.5
2191,0.8982
2192,0.9267
2193,0.85045
2194,0.7553
2195,0.8014
2196,0.8827
2197,0.95085
2198,0.9848
2199,0.92575
2200,0.81845
2201,0.65975
2202,0.7232
2203,0.625
2204,0.2258
2205,0.5731
2206,0.85725
2207,0.7787
2208,0.39845
2209,0.7463
2210,0.336
2211,0.5245
2212,0.936
2213,0.8294
2214,0.94025
2215,0.97165
2216,0.5386
2217,0.5
2218,0.31515
2219,0.83525
2220,0.94415
2221,0.81245
2222,0.7202
2223,0.81245
2224,0.77055
2225,0.89485
2226,0.92775
2227,0.8712
2228,0.6357
2229,0.9304
2230,0.92405
2231,0.5258
2232,0.95785
2233,0.81245
2234,0.75415
2235,0.7377
2236,0.85185
2237,-0.3406
2238,0.833
2239,0.85285
2240,0.564
2241,0.82595
2242,0.73835
2243,0.81245
2244,0.80575
2245,0.6358
2246,0.6706
2247,0.93435
2248,0.5
2249,0.0484
2250,0.9879
2251,-0.0051
2252,0.5
2253,0.74695
2254,0.94875
2255,0.5587
2256,0.2213
2257,0.88915
2258,0.719
2259,0.9088
2260,0.7202
2261,0.67615
2262,0.93895
2263,0.1447
2264,0.7294
2265,0.84035
2266,0.7243
2267,0.625
2268,0.98085
2269,0.29905
2270,-0.01245
2271,0.9753
2272,0.97415
2273,0.86345
2274,0.81125
2275,0.58895
2276,0.8706
2277,0.0577
2278,0.8887
2279,0.92775
2280,0.375
2281,0.75725
2282,0.6706
2283,0.78595
2284,0.8953
2285,0.70095
2286,0.9375
2287,-0.1267
2288,-0.3717
2289,0.4875
2290,0.25305
2291,0.7202
2292,0.73835
2293,0.86755
2294,0.875
2295,0.5
2296,0.6591
2297,0.8294
2298,0.9395
2299,0.49505
2300,0.96155
2301,0.42345
2302,0.8982
2303,0.98485
2304,0.28925
2305,0.74815
2306,0.658
2307,0.42345
2308,0.79005
2309,0.70365
2310,0.8753
2311,0.67
2312,0.65445
2313,0.7232
2314,0.91805
2315,0.4
2316,0.7456
2317,0.91005
2318,0.8404
2319,0.5258
2320,0.74165
2321,0.8889
2322,0.59475
2323,0.8214
2324,0.8953
2325,0.94895
2326,0.81245
2327,0.97235
2328,0.88405
2329,0.97255
2330,0.87375
2331,0.7852
2332,0.81785
2333,0.1118
2334,0.8953
2335,0.69545
2336,0.8922
2337,0.1596
2338,0.5
2339,0.8992
2340,0.70865
2341,0.85735
2342,0.9231
2343,0.5
2344,0.3049
2345,0.62335
2346,0.88565
2347,0.9285
2348,0.9904
2349,0.96965
2350,0.8548
2351,0.21955
2352,0.78595
2353,0.9221
2354,0.9088
2355,0.8404
2356,0.8348
2357,0.955
2358,0.8938
2359,0.18155
2360,0.577
2361,0.5616
2362,0.60115
2363,0.941
2364,0.88435
2365,0.89485
2366,0.51615
2367,0.92775
2368,0.918
2369,0.8762
2370,0.78595
2371,0.4614
2372,0.3
2373,0.90845
2374,0.23
2375,0.40095
2376,0.9671
2377,0.72815
2378,0.8677
2379,0.89225
2380,0.88895
2381,0.2638
2382,0.14595
2383,0.97105
2384,0.8842
2385,-0.33885
2386,0.03025
2387,0.86315
2388,0.1456
2389,0.83185
2390,0.79295
2391,0.91745
2392,0.5093
2393,0.5
2394,0.15735
2395,0.8787
2396,0.7628
2397,0.8907
2398,0.85015
2399,0.94425
2400,0.92405
2401,0.58895
2402,0.85015
2403,0.8953
2404,0.5
2405,0.648
2406,0.9374
2407,0.8838
2408,0.92595
2409,0.8953
2410,0.91355
2411,0.9037
2412,0.5
2413,0.79405
2414,0.25305
2415,0.74695
2416,0.8975
2417,0.6806
2418,0.36915
2419,0.892
2420,0.77205
2421,0.4
2422,-0.2243
2423,0.6231
2424,0.8548
2425,0.8273
2426,0.81245
2427,0.7294
2428,0.8953
2429,0.8825
2430,0.5386
2431,0.4221
2432,0.77095
2433,0.93325
2434,-0.17495
2435,0.6366
2436,0.7553
2437,0.17655
2438,0.648
2439,0.81245
2440,0.7199
2441,0.4
2442,0.5
2443,0.9643
2444,0.80615
2445,0.85015
2446,0.0842
2447,0.88075
2448,0.95445
2449,0.27945
2450,0.3091
2451,0.6366
2452,0.9153
2453,0.93305
2454,0.81245
2455,0.9061
2456,0.1997
2457,0.24885
2458,0.7997
2459,-0.257
2460,0.95115
2461,0.27
2462,0.8234
2463,0.73545
2464,0.32025
2465,0.2003
2466,0.4
2467,0.648
2468,0.63835
2469,0.3258
2470,0.7553
2471,0.8587
2472,0.9467
2473,0.6692
2474,0.60115
2475,0.918
2476,0.41875
2477,0.92405
2478,0.67495
2479,0.98015
2480,0.8446
2481,0.8191
2482,0.5
2483,0.81245
2484,0.9636
2485,0.7553
2486,0.2003
2487,0.92165
2488,0.252
2489,0.8511
2490,0.8391
2491,0.7541
2492,0.8548
2493,0.96685
2494,0.81245
2495,-0.29695
2496,0.7287
2497,0.75365
2498,0.71065
2499,0.94615
2500,0.512
2501,0.88915
2502,0.8062
2503,0.9037
2504,0.8062
2505,0.6858
2506,0.94785
2507,0.75015
2508,0.9813
2509,0.60115
2510,0.0871
2511,0.5129
2512,0.906
2513,0.9037
2514,0.7294
2515,0.79635
2516,0.65745
2517,0.8294
2518,0.71075
2519,0.70015
2520,0.5202
2521,0.45575
2522,0.4
2523,-0.1934
2524,0.91105
2525,0.04425
2526,0.98025
2527,0.81245
2528,0.42985
2529,0.847
2530,-0.1787
2531,0.79635
2532,0.8243
2533,0.6366
2534,0.1103
2535,0.78915
2536,0.94925
2537,0.9636
2538,0.5703
2539,0.0042
2540,0.78595
2541,0.92335
2542,0.94005
2543,0.8454
2544,0.6806
2545,0.52585
2546,0.92835
2547,0.8324
2548,0.8225
2549,0.9375
2550,0.98785
2551,0.5623
2552,0.773
2553,0.7553
2554,0.89575
2555,0.60115
2556,0.7404
2557,0.7287
2558,0.9447
2559,-0.32525
2560,0.5
2561,0.74635
2562,0.9615
2563,0.9731
2564,0.71005
2565,0.7377
2566,0.4162
2567,0.2637
2568,0.92595
2569,0.5582
2570,0.64385
2571,0.86605
2572,0.6591
2573,0.6706
2574,0.6072
2575,0.78595
2576,0.9975
2577,0.9241
2578,0.9748
2579,0.9659
2580,0.2871
2581,0.9051
2582,0.8243
2583,0.8578
2584,0.77815
2585,0.95475
2586,0.95005
2587,0.26915
2588,0.64435
2589,0.7809
2590,0.2213
2591,0.2003
2592,0.83305
2593,-0.2404
2594,0.3093
2595,0.6202
2596,0.76995
2597,0.5
2598,0.7202
2599,0.76345
2600,0.92765
2601,0.80525
2602,0.9417
2603,0.0408
2604,0.8866
2605,0.81845
2606,0.88765
2607,0.70095
2608,0.8592
2609,0.9088
2610,0.81245
2611,0.93775
2612,0.88145
2613,0.92775
2614,0.4614
2615,0.5191
2616,0.3751
2617,0.5
2618,0.7787
2619,0.8825
2620,0.7202
2621,0.9394
2622,0.16785
2623,0.5
2624,0.86195
2625,0.7062
2626,0.3091
2627,0.91645
2628,0.78595
2629,0.7202
2630,0.82985
2631,0.6591
2632,0.81245
2633,0.9063
2634,0.89075
2635,0.20085
2636,0.92955
2637,0.81245
2638,0.7202
2639,0.87765
2640,0.03685
2641,0.8696
2642,0.77115
2643,0.936
2644,0.3247
2645,0.1
2646,0.64385
2647,0.9061
2648,0.81845
2649,0.8455
2650,0.81125
2651,0.91335
2652,0.7787
2653,0.41315
2654,0.85015
2655,0.74695
2656,0.81845
2657,0.72985
2658,0.98885
2659,0.94185
2660,0.5003
2661,0.16615
2662,0.6909
2663,0.96225
2664,0.9499
2665,0.89325
2666,0.89365
2667,0.22885
2668,0.8192
2669,0.9612
2670,0.94425
2671,0.4
2672,0.70705
2673,0.8294
2674,0.7306
2675,0.9278
2676,0.8505
2677,0.96155
2678,0.2748
2679,0.93275
2680,0.9271
2681,-0.26345
2682,0.8243
2683,0.7611
2684,0.0471
2685,0.4
2686,0.7346
2687,0.39985
2688,0.5191
2689,0.60055
2690,0.87765
2691,0.5377
2692,0.5
2693,0.69595
2694,0.5129
2695,0.39135
2696,0.7997
2697,0.9454
2698,0.81245
2699,0.42345
2700,0.96435
2701,0.6591
2702,0.8019
2703,0.95025
2704,0.6366
2705,0.88585
2706,0.95185
2707,0.55115
2708,0.94025
2709,0.3418
2710,0.5
2711,0.7427
2712,0.7202
2713,0.922
2714,0.81845
2715,0.9014
2716,0.11055
2717,0.95605
2718,0.625
2719,0.9637
2720,0.75825
2721,0.81845
2722,0.625
2723,0.48515
2724,0.96495
2725,0.0175
2726,0.8008
2727,0.737
2728,0.59625
2729,0.93975
2730,0.8617
2731,0.81845
2732,0.19905
2733,0.6858
2734,0.38515
2735,0.61075
2736,0.81245
2737,0.8071
2738,0.7294
2739,0.9632
2740,0.5
2741,0.94055
2742,0.81845
2743,-0.27495
2744,0.89745
2745,0.9439
2746,0.6504
2747,0.7202
2748,0.58895
2749,0.87675
2750,0.81245
2751,0.7787
2752,0.7781
2753,0.9058
2754,0.09905
2755,0.60115
2756,0.96935
2757,0.7048
2758,0.85015
2759,0.98165
2760,0.80515
2761,0.91975
2762,0.6706
2763,0.8393
2764,0.71075
2765,-0.3119
2766,0.96565
2767,0.91355
2768,0.8062
2769,0.20705
2770,0.9806
2771,0.74695
2772,0.6423
2773,0.85435
2774,0.87105
2775,-0.01245
2776,0.60115
2777,0.87865
2778,0.95585
2779,0.81595
2780,-0.0952
2781,0.93445
2782,0.8953
2783,0.70995
2784,0.71955
2785,0.625
2786,0.6366
2787,0.7202
2788,0.7563
2789,-0.11075
2790,0.85815
2791,0.81245
2792,0.7097
2793,0.81245
2794,0.4742
2795,0.9158
2796,0.81845
2797,0.88845
2798,0.81245
2799,0.03155
2800,0.9317
2801,0.13665
2802,0.99675
2803,0.5806
2804,0.8047
2805,0.5543
2806,0.94895
2807,0.88915
2808,0.86755
2809,0.61005
2810,0.8393
2811,0.3091
2812,0.962
2813,0.59465
2814,0.6366
2815,0.8827
2816,0.7202
2817,0.6358
2818,0.3626
2819,0.6242
2820,0.86755
2821,0.2767
2822,0.943
2823,0.61315
2824,0.6122
2825,0.2003
2826,0.8787
2827,0.7202
2828,0.70095
2829,0.4753
2830,-0.16785
2831,0.11755
2832,0.1452
2833,0.93825
2834,0.6202
2835,0.53035
2836,0.6191
2837,0.8592
2838,0.21405
2839,0.61315
2840,0.5
2841,0.73835
2842,0.617
2843,0.6997
2844,0.8654
2845,0.96155
2846,0.918
2847,0.13865
2848,0.818
2849,-0.11075
2850,0.85015
2851,0.73835
2852,0.91125
2853,0.13365
2854,0.9498
2855,0.28485
2856,0.5
2857,0.9134
2858,0.9142
2859,0.94235
2860,0.20705
2861,0.9037
2862,0.73835
2863,0.5202
2864,0.5028
2865,0.352
2866,0.5
2867,0.7121
2868,0.78595
2869,0.85015
2870,0.83395
2871,-0.3304
2872,0.6357
2873,0.9623
2874,0.83525
2875,0.9677
2876,0.968
2877,0.13915
2878,0.968
2879,-0.20975
2880,0.2003
2881,0.99655
2882,0.7553
2883,0.74695
2884,0.81805
2885,0.6772
2886,0.82845
2887,0.83525
2888,0.9158
2889,-0.3894
2890,0.77705
2891,0.5575
2892,0.18625
2893,0.38685
2894,0.65445
2895,0.3
2896,0.77115
2897,0.97335
2898,0.5
2899,0.9354
2900,0.39885
2901,0.4419
2902,0.7787
2903,0.951
2904,0.9467
2905,0.5
2906,0.8753
2907,0.9158
2908,0.1003
2909,0.2091
2910,0.516
2911,0.81845
2912,0.70095
2913,0.352
2914,0.6692
2915,0.97695
2916,0.7734
2917,-0.23525
2918,0.1003
2919,0.5418
2920,0.81245
2921,0.81245
2922,0.74695
2923,0.955
2924,0.5885
2925,0.881
2926,0.19535
2927,0.95005
2928,0.5
2929,0.1656
2930,0.7369
2931,0.375
2932,0.6471
2933,0.47555
2934,0.58315
2935,0.95845
2936,0.5
2937,-0.04695
2938,0.8158
2939,0.8592
2940,0.92405
2941,0.8348
2942,0.437
2943,0.2916
2944,0.92335
2945,0.302
2946,0.8953
2947,0.9149
2948,-0.36195
2949,0.96955
2950,0.5258
2951,0.57655
2952,0.79515
2953,0.8536
2954,0.71945
2955,0.9463
2956,0.5202
2957,0.67
2958,0.94995
2959,0.97405
2960,0.9894
2961,0.882
2962,0.6366
2963,0.4742
2964,0.5
2965,0.6706
2966,0.2003
2967,0.67975
2968,0.61245
2969,0.77185
2970,0.86755
2971,0.6972
2972,0.91125
2973,0.86755
2974,0.7938
2975,0.7202
2976,0.9201
2977,0.65845
2978,0.46605
2979,0.8404
2980,0.67985
2981,0.89505
2982,0.8128
2983,0.9088
2984,0.11595
2985,0.81165
2986,0.7294
2987,-0.17115
2988,0.22735
2989,0.9088
2990,0.7553
2991,0.2679
2992,0.6953
2993,0.99485
2994,0.815
2995,0.1071
2996,0.49195
2997,0.7202
2998,-0.2274
2999,0.099
3000,0.5
3001,0.71075
3002,0.5
3003,0.648
3004,0.6858
3005,0.97285
3006,0.92405
3007,0.66825
3008,0.74155
3009,0.9134
3010,0.5
3011,0.5
3012,0.9063
3013,0.182
3014,0.8404
3015,0.48895
3016,0.53835
3017,0.9593
3018,0.92595
3019,0.73355
3020,0.9329
3021,0.5
3022,0.93685
3023,0.9175
3024,0.56025
3025,-0.20935
3026,0.5
3027,0.81845
3028,0.3742
3029,0.86755
3030,0.44865
3031,-0.1787
3032,0.2713
3033,0.5
3034,0.8765
3035,0.7997
3036,0.92775
3037,0.58055
3038,0.6858
3039,0.992
3040,-0.0017
3041,0.3769
3042,0.6366
3043,0.8888
3044,0.70095
3045,0.8294
3046,0.23
3047,0.9568
3048,0.60115
3049,-0.18915
3050,0.95135
3051,0.812
3052,0.9037
3053,0.7553
3054,0.4307
3055,0.5
3056,0.9637
3057,0.8371
3058,0.963
3059,0.96605
3060,0.17015
3061,0.90325
3062,0.75405
3063,0.96645
3064,0.88885
3065,0.61315
3066,0.8574
3067,0.79635
3068,0.9542
3069,0.6366
3070,0.5
3071,0.58795
3072,0.3304
3073,-0.11075
3074,0.96485
3075,0.88765
3076,0.6982
3077,0.3069
3078,0.9721
3079,0.6858
3080,0.92405
3081,0.79295
3082,0.89385
3083,0.83525
3084,-0.025
3085,-0.17905
3086,0.7174
3087,0.352
3088,0.94485
3089,-0.2625
3090,0.9329
3091,0.29905
3092,0.85845
3093,0.2003
3094,0.60015
3095,0.93835
3096,0.7591
3097,0.92595
3098,0.98815
3099,0.65135
3100,0.79185
3101,0.8953
3102,0.3634
3103,0.52345
3104,0.21175
3105,0.78595
3106,0.9466
3107,0.7202
3108,0.80965
3109,0.92605
3110,0.81355
3111,-0.3063
3112,0.8548
3113,0.8715
3114,0.9531
3115,0.5375
3116,0.8632
3117,0.7893
3118,0.89225
3119,0.7992
3120,0.6582
3121,0.88565
3122,0.74985
3123,0.7136
3124,0.8454
3125,0.89595
3126,-0.2548
3127,0.1938
3128,0.9158
3129,0.93825
3130,0.563
3131,0.1003
3132,0.9417
3133,0.1757
3134,0.8825
3135,0.33
3136,0.7553
3137,0.4
3138,0.88725
3139,0.9211
3140,0.9521
3141,0.9716
3142,0.5
3143,0.94785
3144,0.3402
3145,0.9667
3146,0.72905
3147,0.8393
3148,0.4742
3149,0.89355
3150,0.8953
3151,0.6366
3152,0.97495
3153,0.67
3154,0.77455
3155,0.0871
3156,0.95005
3157,0.5375
3158,0.6507
3159,0.44775
3160,0.9531
3161,0.5
3162,0.81245
3163,0.77055
3164,0.8943
3165,0.6404
3166,0.95205
3167,0.79295
3168,0.15925
3169,0.8548
3170,-0.13835
3171,0.8902
3172,0.53775
3173,0.8698
3174,0.60115
3175,0.8234
3176,0.8935
3177,0.94885
3178,0.26165
3179,0.7988
3180,0.22505
3181,0.8942
3182,0.7838
3183,0.93895
3184,0.2003
3185,0.7202
3186,0.93575
3187,0.65445
3188,0.6366
3189,0.60095
3190,0.74695
3191,0.8592
3192,0.37115
3193,0.57
3194,0.8748
3195,0.89325
3196,0.85155
3197,0.5
3198,0.412
3199,0.6591
3200,0.5
3201,0.833
3202,0.895
3203,0.83785
3204,0.73285
3205,0.9695
3206,0.7997
3207,0.81845
3208,0.74695
3209,0.76785
3210,0.6366
3211,0.86345
3212,0.87895
3213,0.8753
3214,0.918
3215,0.5
3216,0.9158
3217,0.44865
3218,0.82985
3219,0.6858
3220,0.8548
3221,0.963
3222,0.97755
3223,0.55035
3224,0.2634
3225,0.80515
3226,0.9577
3227,0.81845
3228,0.8825
3229,0.3091
3230,0.6806
3231,0.9416
3232,0.14695
3233,0.5934
3234,0.7202
3235,0.81665
3236,0.8711
3237,0.8787
3238,0.6294
3239,0.80815
3240,0.7781
3241,0.8953
3242,0.6806
3243,0.9289
3244,0.8825
3245,0.44865
3246,0.8825
3247,0.7261
3248,0.85015
3249,0.85015
3250,0.7787
3251,0.81345
3252,0.966
3253,0.9201
3254,0.955
3255,0.6997
3256,0.78595
3257,0.88885
3258,0.6858
3259,0.4871
3260,0.4075
3261,0.71075
3262,0.9776
3263,0.8835
3264,0.0855
3265,0.95765
3266,0.5
3267,0.13665
3268,0.7913
3269,0.8825
3270,0.71245
3271,0.7202
3272,0.88915
3273,0.92595
3274,0.9383
3275,0.9417
3276,0.77895
3277,0.5
3278,0.2904
3279,0.7194
3280,0.5
3281,0.8062
3282,0.81245
3283,0.76335
3284,0.7553
3285,0.64525
3286,0.84985
3287,0.9012
3288,0.76705
3289,0.97
3290,0.95005
3291,0.74695
3292,0.8633
3293,0.8273
3294,0.8348
3295,0.77115
3296,0.5
3297,0.7062
3298,0.91355
3299,0.87895
3300,0.5386
3301,0.81245
3302,0.9076
3303,0.96045
3304,0.60115
3305,0.6202
3306,0.45445
3307,0.55135
3308,0.1
3309,0.2076
3310,0.97295
3311,-0.1392
3312,0.5
3313,0.1
3314,0.6806
3315,0.86625
3316,0.93435
3317,0.93445
3318,0.5
3319,0.7775
3320,0.78435
3321,0.92595
3322,0.9063
3323,0.73575
3324,0.8842
3325,-0.2568
3326,0.21405
3327,0.5
3328,0.91565
3329,0.97415
3330,0.3409
3331,0.81245
3332,0.96905
3333,0.1285
3334,0.7241
3335,0.2106
3336,0.6591
3337,0.943
3338,0.86585
3339,-0.2548
3340,0.5249
3341,0.9195
3342,0.3194
3343,0.7958
3344,0.2805
3345,0.99205
3346,-0.3531
3347,0.5
3348,0.1385
3349,0.5
3350,0.8957
3351,0.81845
3352,0.1938
3353,0.16475
3354,0.65445
3355,0.9703
3356,0.76335
3357,0.89225
3358,0.92975
3359,0.9485
3360,0.6288
3361,0.9201
3362,0.85015
3363,0.4514
3364,0.918
3365,0.60115
3366,0.3742
3367,0.70665
3368,0.57655
3369,0.7202
3370,0.6366
3371,0.5
3372,0.24125
3373,0.6366
3374,0.5386
3375,0.23665
3376,0.44865
3377,0.94425
3378,0.9467
3379,0.8454
3380,0.5339
3381,0.71245
3382,0.8815
3383,0.29905
3384,0.9239
3385,-0.01075
3386,0.81245
3387,-0.04695
3388,0.17055
3389,0.6806
3390,0.3244
3391,0.055
3392,0.2194
3393,0.65465
3394,-0.15325
3395,0.52775
3396,0.60115
3397,0.9466
3398,0.7787
3399,0.72505
3400,0.7647
3401,0.3418
3402,0.94375
3403,0.9825
3404,0.92955
3405,0.9679
3406,0.5386
3407,0.8454
3408,0.94025
3409,0.9761
3410,0.9531
3411,0.83525
3412,0.918
3413,0.85445
3414,0.92595
3415,0.9764
3416,0.81805
3417,0.9875
3418,0.7377
3419,0.9531
3420,0.5
3421,0.8889
3422,0.7202
3423,0.9201
3424,0.9627
3425,0.352
3426,0.8088
3427,0.55135
3428,0.71005
3429,0.75115
3430,0.76995
3431,0.9566
3432,0.436
3433,0.0494
3434,0.1938
3435,0.8632
3436,0.84555
3437,0.82445
3438,0.455
3439,0.5
3440,0.955
3441,0.4742
3442,0.98745
3443,0.8062
3444,0.5377
3445,0.87715
3446,0.4614
3447,0.16085
3448,0.97255
3449,0.9955
3450,0.6706
3451,0.83525
3452,0.6591
3453,0.00995
3454,0.16425
3455,0.96365
3456,0.6806
3457,0.1546
3458,-0.21845
3459,0.71075
3460,0.336
3461,0.3523
3462,-0.3257
3463,0.7202
3464,0.78595
3465,0.182
3466,0.9384
3467,0.1213
3468,-0.03185
3469,0.8454
3470,0.7478
3471,0.9842
3472,0.6806
3473,0.8062
3474,0.352
3475,0.39375
3476,0.984
3477,0.88585
3478,0.2327
3479,0.81245
3480,0.81245
3481,0.6202
3482,-0.25705
3483,0.60985
3484,0.512
3485,0.93385
3486,0.7243
3487,0.5
3488,-0.00725
3489,0.5
3490,0.65445
3491,-0.369
3492,0.95845
3493,0.7748
3494,0.82525
3495,0.8953
3496,0.81245
3497,0.91755
3498,0.92595
3499,-0.3759
3500,0.80985
3501,0.5
3502,0.81245
3503,0.60115
3504,-0.17365
3505,0.88585
3506,0.7202
3507,0.89545
3508,0.81245
3509,0.74635
3510,0.5
3511,0.8588
3512,0.86795
3513,0.4
3514,0.61315
3515,0.0155
3516,0.9551
3517,0.9037
3518,0.83825
3519,0.9429
3520,0.2003
3521,0.5
3522,0.97565
3523,0.88445
3524,0.24025
3525,0.6214
3526,0.79295
3527,0.98085
3528,0.6366
3529,0.5
3530,0.5386
3531,0.7553
3532,0.11895
3533,0.7553
3534,0.8712
3535,0.3228
3536,-0.2329
3537,0.32345
3538,0.71245
3539,0.82985
3540,0.564
3541,0.8854
3542,0.7781
3543,0.81245
3544,0.81245
3545,0.41525
3546,0.145
3547,0.9695
3548,0.375
3549,0.15955
3550,0.918
3551,0.9379
3552,0.79295
3553,0.32485
3554,0.9429
3555,0.8656
3556,0.96795
3557,0.5
3558,0.0888
3559,0.8942
3560,0.18755
3561,0.73835
3562,0.648
3563,0.71245
3564,0.35535
3565,0.94945
3566,0.93445
3567,0.91955
3568,0.8712
3569,0.94895
3570,0.352
3571,0.8326
3572,-0.338
3573,0.87365
3574,0.78735
3575,0.5129
3576,0.97825
3577,0.5715
3578,0.8982
3579,0.9881
3580,0.96625
3581,0.82775
3582,0.74635
3583,0.69385
3584,0.60115
3585,0.81245
3586,0.30115
3587,-0.30665
3588,0.93525
3589,0.0058
3590,0.954
3591,0.9762
3592,0.91565
3593,0.78595
3594,-0.3022
3595,0.86875
3596,0.9455
3597,0.92405
3598,-0.00525
3599,0.7997
3600,0.44745
3601,0.9035
3602,0.812
3603,-0.22335
3604,0.9455
3605,0.78595
3606,0.8737
3607,0.9668
3608,0.88595
3609,0.3423
3610,0.5
3611,0.78295
3612,0.71075
3613,0.0175
3614,0.78595
3615,0.96075
3616,0.8683
3617,0.81845
3618,0.23665
3619,0.78225
3620,0.91125
3621,0.96665
3622,-0.0937
3623,0.28315
3624,-0.32725
3625,0.39715
3626,0.83825
3627,0.92595
3628,0.95335
3629,0.901
3630,0.77055
3631,0.64705
3632,-0.2639
3633,0.91825
3634,0.92375
3635,0.648
3636,0.8404
3637,0.9593
3638,0.352
3639,0.6806
3640,0.60115
3641,0.8238
3642,0.94895
3643,0.4
3644,0.8328
3645,0.8953
3646,-0.25195
3647,0.6096
3648,0.9221
3649,0.81245
3650,0.73835
3651,0.7233
3652,0.95585
3653,0.4328
3654,0.94035
3655,0.7454
3656,0.8548
3657,0.68595
3658,0.81245
3659,0.7214
3660,0.74235
3661,0.8562
3662,0.70095
3663,0.901
3664,0.901
3665,0.9302
3666,0.8169
3667,0.6377
3668,0.6692
3669,0.2384
3670,0.18155
3671,-0.09635
3672,0.14055
3673,0.84505
3674,0.46335
3675,0.9674
3676,0.9333
3677,0.4
3678,0.7457
3679,0.643
3680,0.92595
3681,0.8243
3682,0.5486
3683,0.3614
3684,0.40115
3685,0.65445
3686,0.9559
3687,0.352
3688,0.3871
3689,0.2003
3690,0.5366
3691,0.87895
3692,0.8243
3693,0.92345
3694,0.5508
3695,0.9637
3696,0.44865
3697,0.5129
3698,0.925
3699,0.79665
3700,0.95955
3701,0.8294
3702,0.7681
3703,0.76275
3704,0.8592
3705,0.745
3706,-0.13455
3707,0.9329
3708,0.92595
3709,0.95585
3710,0.2213
3711,0.9221
3712,0.8452
3713,0.9037
3714,0.79635
3715,0.6366
3716,0.352
3717,0.95005
3718,0.96365
3719,0.69635
3720,0.87425
3721,0.9455
3722,0.09025
3723,0.8062
3724,0.95015
3725,0.0912
3726,0.03655
3727,0.8592
3728,0.5
3729,0.9176
3730,0.85735
3731,0.92595
3732,0.3328
3733,0.85015
3734,0.6806
3735,0.2003
3736,0.93665
3737,0.9801
3738,0.9063
3739,0.5258
3740,-0.04815
3741,0.81245
3742,0.80385
3743,0.5
3744,0.0629
3745,0.5
3746,0.93125
3747,0.76335
3748,0.71005
3749,0.2003
3750,0.86755
3751,0.79295
3752,0.82985
3753,0.96295
3754,0.8745
3755,0.76
3756,0.68595
3757,0.8925
3758,0.85015
3759,0.32365
3760,0.9337
3761,0.375
3762,0.8748
3763,0.50525
3764,0.69375
3765,0.6366
3766,0.66705
3767,0.8938
3768,0.81065
3769,0.9801
3770,0.57
3771,0.31195
3772,0.8792
3773,0.97015
3774,0.352
3775,0.86345
3776,0.92955
3777,0.8058
3778,0.8656
3779,0.4391
3780,-0.08375
3781,0.06165
3782,0.87895
3783,0.9629
3784,0.78595
3785,0.5
3786,0.6242
3787,0.93615
3788,0.4258
3789,0.89225
3790,0.5357
3791,0.81245
3792,0.5
3793,0.77435
3794,0.9037
3795,0.82985
3796,0.2213
3797,0.4
3798,0.3577
3799,0.3733
3800,0.79915
3801,0.763
3802,0.60115
3803,0.6806
3804,0.73525
3805,0.8243
3806,0.97725
3807,-0.1582
3808,0.4871
3809,0.87795
3810,0.5
3811,0.625
3812,0.81245
3813,0.5
3814,0.6997
3815,0.85015
3816,0.70095
3817,0.9568
3818,0.082
3819,0.76335
3820,0.62855
3821,0.2735
3822,0.4982
3823,0.7997
3824,0.3626
3825,0.9037
3826,0.8715
3827,0.352
3828,0.8427
3829,0.25305
3830,-0.2262
3831,0.8436
3832,0.86755
3833,0.81245
3834,0.9158
3835,0.8953
3836,0.7202
3837,0.972
3838,0.9311
3839,0.57495
3840,0.92375
3841,0.818
3842,0.6443
3843,0.02655
3844,0.7787
3845,0.57555
3846,0.28925
3847,0.81245
3848,0.6858
3849,0.81245
3850,0.74695
3851,0.89205
3852,0.5
3853,0.84005
3854,0.95085
3855,0.5258
3856,0.82985
3857,0.78595
3858,0.81245
3859,0.5275
3860,0.9149
3861,0.15345
3862,0.85015
3863,0.6238
3864,0.67115
3865,0.5
3866,0.92195
3867,0.9575
3868,0.7982
3869,0.88915
3870,0.83525
3871,0.792
3872,0.91105
3873,0.9556
3874,0.86755
3875,0.0091
3876,0.5
3877,0.7949
3878,0.81845
3879,0.2
3880,0.7046
3881,0.9668
3882,0.35225
3883,0.97635
3884,0.8748
3885,0.5
3886,0.4
3887,0.6202
3888,0.988
3889,0.8483
3890,0.91035
3891,0.5
3892,0.88585
3893,0.5
3894,0.93995
3895,0.5505
3896,0.85015
3897,0.4202
3898,0.13655
3899,0.2003
3900,0.68545
3901,0.6958
3902,0.92405
3903,0.9779
3904,0.89225
3905,0.6072
3906,0.8478
3907,0.94135
3908,0.18155
3909,0.3409
3910,0.5
3911,0.9417
3912,0.94505
3913,0.5
3914,0.31525
3915,0.28065
3916,0.80575
3917,0.67
3918,0.4738
3919,0.754
3920,0.26165
3921,-0.146
3922,0.9454
3923,0.86755
3924,0.5
3925,0.84505
3926,-0.12865
3927,0.5
3928,0.9061
3929,0.116
3930,0.69495
3931,0.9319
3932,0.8592
3933,0.8982
3934,0.8737
3935,0.62405
3936,0.38685
3937,0.80575
3938,0.5258
3939,0.81245
3940,0.93125
3941,0.2003
3942,0.3326
3943,0.8726
3944,0.5
3945,0.8062
3946,0.8057
3947,0.86755
3948,0.8348
3949,0.3
3950,0.2267
3951,0.9132
3952,0.23665
3953,0.5
3954,0.88195
3955,0.68595
3956,0.81245
3957,0.81255
3958,0.44865
3959,0.9384
3960,0.8953
3961,0.23665
3962,0.5703
3963,0.2003
3964,0.97385
3965,0.76835
3966,0.812
3967,0.69435
3968,0.76195
3969,0.8548
3970,0.963
3971,0.8953
3972,0.5615
3973,0.4871
3974,0.9556
3975,0.78885
3976,0.9221
3977,0.72985
3978,0.8864
3979,-0.2226
3980,0.30435
3981,0.93755
3982,0.32925
3983,0.91125
3984,0.83855
3985,0.9651
3986,0.3306
3987,0.91105
3988,0.8982
3989,0.4742
3990,0.9338
3991,0.7997
3992,0.65445
3993,0.5
3994,0.76335
3995,0.8288
3996,0.5
3997,0.70095
3998,0.6806
3999,0.7239
4000,0.352
4001,0.5
4002,0.833
4003,0.8842
4004,0.7202
4005,0.67
4006,0.5
4007,0.58475
4008,0.9723
4009,0.80545
4010,0.6591
4011,0.92595
4012,0.6366
4013,0.7202
4014,0.36395
4015,0.32345
4016,0.9683
4017,0.65445
4018,0.57655
4019,0.81315
4020,-0.1229
4021,0.81845
4022,0.87375
4023,0.7202
4024,0.9531
4025,0.9037
4026,0.65445
4027,0.81845
4028,0.8787
4029,0.6405
4030,0.9064
4031,0.9037
4032,0.8294
4033,0.936
4034,-0.38305
4035,0.90705
4036,0.88435
4037,0.38685
4038,0.81845
4039,0.85215
4040,0.9201
4041,0.57655
4042,0.7787
4043,0.8096
4044,-0.2825
4045,0.5204
4046,0.75115
4047,0.96075
4048,0.8355
4049,-0.2718
4050,-0.35075
4051,0.8825
4052,0.8827
4053,0.98685
4054,0.81245
4055,0.83775
4056,-0.27565
4057,0.88585
4058,0.858
4059,0.9629
4060,0.9568
4061,0.7787
4062,0.92595
4063,0.0938
4064,0.5366
4065,-0.0614
4066,0.7294
4067,0.9061
4068,0.49845
4069,0.6802
4070,0.62775
4071,-0.1553
4072,0.71075
4073,0.8634
4074,0.29705
4075,0.70095
4076,0.96655
4077,0.9488
4078,0.9597
4079,0.1667
4080,0.6591
4081,0.81245
4082,0.5386
4083,0.67
4084,0.7992
4085,0.19195
4086,0.9557
4087,0.2
4088,0.4853
4089,0.79585
4090,0.87895
4091,0.41845
4092,-0.3797
4093,0.92385
4094,0.6806
4095,0.24455
4096,0.23665
4097,0.8551
4098,0.1614
4099,0.2824
4100,0.9158
4101,0.91105
4102,0.65445
4103,0.36225
4104,-0.1557
4105,0.95005
4106,0.6202
4107,0.7113
4108,0.57655
4109,0.85015
4110,0.252
4111,0.95755
4112,0.3
4113,0.78885
4114,0.67895
4115,0.04345
4116,0.8673
4117,0.2
4118,0.15305
4119,0.83525
4120,0.88585
4121,0.8821
4122,0.5258
4123,0.9795
4124,0.71475
4125,0.38695
4126,0.77895
4127,0.09695
4128,0.92845
4129,0.84275
4130,0.8985
4131,0.83525
4132,0.4742
4133,0.81845
4134,0.63835
4135,0.15745
4136,0.18925
4137,0.57455
4138,0.81245
4139,0.15295
4140,0.6806
4141,0.0175
4142,0.77055
4143,0.87895
4144,0.5
4145,0.861
4146,0.81245
4147,0.29905
4148,0.81245
4149,0.89225
4150,0.92365
4151,0.77065
4152,0.7535
4153,0.38895
4154,0.35655
4155,0.88235
4156,0.94005
4157,0.9428
4158,0.84235
4159,0.85845
4160,0.352
4161,0.07505
4162,-0.00115
4163,0.82755
4164,-0.0885
4165,0.8959
4166,0.92625
4167,0.83525
4168,-0.26965
4169,0.6439
4170,0.4806
4171,0.81845
4172,0.9568
4173,0.53085
4174,0.75015
4175,0.875
4176,0.8648
4177,0.85015
4178,0.891
4179,0.90725
4180,0.78595
4181,0.8811
4182,0.92595
4183,0.9221
4184,0.058
4185,0.9521
4186,0.9063
4187,0.81845
4188,0.9511
4189,0.58895
4190,0.93825
4191,0.8566
4192,0.92405
4193,0.5062
4194,0.9035
4195,0.99225
4196,0.80575
4197,0.65
4198,0.7997
4199,0.8454
4200,0.17495
4201,0.1828
4202,0.76555
4203,0.36225
4204,0.2003
4205,0.5
4206,0.5
4207,0.1
4208,0.8537
4209,0.81245
4210,0.5
4211,0.8385
4212,0.5997
4213,0.9863
4214,0.7202
4215,0.9201
4216,0.9211
4217,0.9275
4218,0.5181
4219,0.70095
4220,0.8696
4221,0.6177
4222,0.94785
4223,0.0423
4224,-0.1787
4225,0.49595
4226,0.88895
4227,0.6553
4228,0.75475
4229,0.815
4230,0.81245
4231,-0.06835
4232,0.89205
4233,0.5
4234,0.6992
4235,0.98695
4236,0.8427
4237,0.9592
4238,0.457
4239,0.0614
4240,0.81245
4241,0.6909
4242,0.67635
4243,0.9057
4244,0.9302
4245,0.14865
4246,0.9294
4247,0.81245
4248,0.7155
4249,0.96215
4250,0.8294
4251,0.2003
4252,0.91355
4253,0.67435
4254,0.96225
4255,0.8764
4256,0.87895
4257,0.6366
4258,0.62385
4259,0.8007
4260,0.91745
4261,0.77115
4262,0.8982
4263,0.57875
4264,0.82335
4265,0.5
4266,0.89115
4267,0.69935
4268,0.823
4269,0.6366
4270,0.92955
4271,0.375
4272,0.352
4273,0.8973
4274,0.7548
4275,0.42445
4276,0.9008
4277,0.94895
4278,0.7202
4279,0.8454
4280,0.4
4281,0.3938
4282,-0.1288
4283,0.9382
4284,0.77115
4285,0.60115
4286,0.9134
4287,0.81845
4288,0.8673
4289,0.95305
4290,0.8008
4291,0.9568
4292,0.61245
4293,0.86755
4294,0.38685
4295,0.8753
4296,0.9806
4297,0.5
4298,0.67
4299,0.5
4300,0.936
4301,0.7155
4302,0.9906
4303,0.3217
4304,0.93015
4305,0.15305
4306,0.88595
4307,0.8972
4308,0.7997
4309,0.963
4310,0.9008
4311,0.648
4312,0.92405
4313,0.89835
4314,0.86345
4315,0.59945
4316,-0.12535
4317,0.9134
4318,0.7202
4319,0.8416
4320,0.90275
4321,0.45665
4322,0.1386
4323,0.8062
4324,0.95845
4325,0.4123
4326,0.648
4327,0.7953
4328,-0.1781
4329,0.72745
4330,0.2258
4331,0.9586
4332,0.9329
4333,0.6806
4334,0.55135
4335,0.92405
4336,0.6997
4337,0.7898
4338,0.85405
4339,0.9467
4340,0.33
4341,0.79295
4342,0.5
4343,0.5
4344,0.3981
4345,0.5
4346,0.0048
4347,-0.06455
4348,0.98105
4349,0.90055
4350,0.5
4351,0.70095
4352,0.951
4353,0.8294
4354,-0.3245
4355,0.1447
4356,0.92955
4357,0.9643
4358,0.78595
4359,0.8238
4360,0.84505
4361,0.5386
4362,0.68595
4363,0.94995
4364,0.91545
4365,0.6806
4366,0.2213
4367,0.86755
4368,-0.3875
4369,0.26165
4370,0.8973
4371,0.82755
4372,0.87895
4373,0.5
4374,0.7482
4375,0.8982
4376,0.71075
4377,-0.2931
4378,0.8589
4379,0.5591
4380,0.1256
4381,0.5
4382,0.8699
4383,0.812
4384,0.97425
4385,0.5
4386,0.94785
4387,0.81245
4388,0.835
4389,0.2003
4390,-0.07
4391,-0.0509
4392,0.23255
4393,0.76875
4394,-0.1675
4395,0.95945
4396,0.9037
4397,0.87895
4398,0.9353
4399,0.5249
4400,0.55135
4401,0.9933
4402,0.78595
4403,0.352
4404,0.7787
4405,0.81845
4406,0.69515
4407,0.352
4408,0.9859
4409,0.901
4410,0.6072
4411,0.943
4412,0.6036
4413,0.9521
4414,0.88845
4415,0.6858
4416,0.9437
4417,0.23665
4418,0.61605
4419,0.1786
4420,0.87875
4421,0.5245
4422,0.7787
4423,0.79565
4424,0.76045
4425,0.252
4426,0.79915
4427,0.48535
4428,0.8709
4429,0.92405
4430,0.436
4431,0.76885
4432,0.6591
4433,0.92595
4434,0.5386
4435,0.8454
4436,0.375
4437,0.81245
4438,0.0143
4439,0.99155
4440,0.8256
4441,0.06915
4442,0.92405
4443,0.81765
4444,0.60115
4445,-0.13835
4446,0.9606
4447,0.1938
4448,0.5
4449,0.62955
4450,0.9774
4451,0.8062
4452,0.73525
4453,0.16475
4454,0.9037
4455,0.929
4456,0.81845
4457,0.86725
4458,0.98055
4459,0.95405
4460,0.5
4461,0.9166
4462,0.5591
4463,0.9567
4464,0.65995
4465,0.75475
4466,0.5386
4467,0.5
4468,0.84
4469,0.8294
4470,0.9543
4471,0.96685
4472,0.8715
4473,0.6909
4474,0.5
4475,0.8544
4476,0.6862
4477,0.8753
4478,0.9531
4479,0.71075
4480,0.5909
4481,0.92595
4482,0.94845
4483,0.72895
4484,0.82175
4485,0.89565
4486,0.96595
4487,0.9088
4488,0.84985
4489,0.86345
4490,0.5
4491,-0.1553
4492,-0.0982
4493,0.9668
4494,0.9683
4495,0.7294
4496,0.81845
4497,0.97255
4498,0.9778
4499,0.5882
4500,0.89225
4501,0.9063
4502,-0.10415
4503,0.90465
4504,0.90335
4505,0.78595
4506,0.81245
4507,0.5
4508,0.98365
4509,0.94625
4510,0.87345
4511,0.47655
4512,0.09705
4513,0.92185
4514,0.37945
4515,0.86955
4516,0.16785
4517,0.8753
4518,0.88915
4519,0.22945
4520,0.9906
4521,0.5869
4522,0.9417
4523,0.81245
4524,0.4041
4525,0.93895
4526,0.9035
4527,0.2
4528,0.86345
4529,0.9377
4530,0.2668
4531,0.5
4532,0.91275
4533,0.9375
4534,0.41525
4535,0.79815
4536,0.34415
4537,0.65445
4538,0.275
4539,-0.0463
4540,0.352
4541,0.92395
4542,0.85015
4543,0.95485
4544,0.11795
4545,0.91565
4546,0.81245
4547,0.918
4548,0.5
4549,0.67495
4550,0.94895
4551,0.2578
4552,0.41105
4553,0.8454
4554,0.81845
4555,0.6806
4556,0.73025
4557,0.5
4558,0.92775
4559,0.81785
4560,0.796
4561,0.96855
4562,0.96855
4563,0.93675
4564,0.95485
4565,0.4252
4566,0.78565
4567,0.60115
4568,0.9549
4569,0.84235
4570,-0.23525
4571,0.9539
4572,0.9487
4573,0.60115
4574,-0.2111
4575,0.93095
4576,0.92405
4577,0.8748
4578,0.6366
4579,0.66195
4580,0.8404
4581,0.77185
4582,0.86755
4583,0.91005
4584,-0.24985
4585,0.3789
4586,0.5
4587,-0.287
4588,0.8593
4589,0.5
4590,0.91105
4591,0.69295
4592,0.91565
4593,0.92595
4594,-0.05635
4595,0.8436
4596,0.5757
4597,0.76275
4598,0.76045
4599,0.83525
4600,0.2538
4601,0.9171
4602,0.8661
4603,0.6651
4604,0.3449
4605,0.8238
4606,0.5
4607,0.9076
4608,0.86315
4609,0.24555
4610,0.6806
4611,0.8652
4612,-0.28545
4613,0.28925
4614,0.91745
4615,0.9359
4616,0.5042
4617,0.5
4618,0.80985
4619,0.6862
4620,0.58895
4621,0.96155
4622,0.6233
4623,0.92505
4624,0.6806
4625,0.67
4626,0.37945
4627,0.92595
4628,0.8041
4629,0.79635
4630,0.78075
4631,0.8939
4632,0.44865
4633,0.80575
4634,0.8964
4635,0.58895
4636,0.81845
4637,0.8294
4638,0.6591
4639,0.86495
4640,0.81245
4641,0.92595
4642,0.545
4643,0.65115
4644,0.3886
4645,0.65445
4646,0.5
4647,0.82775
4648,0.23665
4649,0.6902
4650,0.892
4651,0.91105
4652,0.2423
4653,0.8753
4654,0.88165
4655,0.58895
4656,0.55135
4657,0.9455
4658,0.81245
4659,0.81855
4660,0.6744
4661,0.94615
4662,0.45015
4663,0.78595
4664,0.9149
4665,0.81195
4666,0.21405
4667,0.99075
4668,0.93895
4669,0.80575
4670,0.81845
4671,0.9238
4672,0.9936
4673,0.83525
4674,0.81245
4675,0.8057
4676,0.8787
4677,0.9557
4678,0.96535
4679,0.5
4680,0.50115
4681,0.80365
4682,0.85285
4683,0.78595
4684,0.81245
4685,0.88885
4686,0.9591
4687,0.9158
4688,0.71075
4689,0.9096
4690,0.60115
4691,0.7072
4692,0.5129
4693,0.3247
4694,0.364
4695,0.81245
4696,0.9037
4697,0.73835
4698,0.71075
4699,0.87545
4700,0.58895
4701,0.9738
4702,0.96965
4703,0.8825
4704,0.5703
4705,0.352
4706,0.3258
4707,0.10405
4708,0.943
4709,0.8782
4710,0.918
4711,0.21775
4712,0.7202
4713,0.78595
4714,0.75115
4715,0.9429
4716,0.78595
4717,0.8454
4718,-0.15145
4719,0.86985
4720,0.96615
4721,0.8294
4722,0.8294
4723,0.83525
4724,0.1447
4725,0.6806
4726,0.8454
4727,0.68075
4728,0.81245
4729,0.85015
4730,0.8057
4731,0.90325
4732,0.92405
4733,0.7202
4734,0.9485
4735,0.86475
4736,0.8592
4737,0.89505
4738,0.84435
4739,0.937
4740,0.5386
4741,0.9057
4742,0.3714
4743,0.7787
4744,0.83525
4745,0.3
4746,0.7997
4747,0.1
4748,0.13
4749,0.875
4750,0.33
4751,0.8548
4752,0.3258
4753,0.9552
4754,0.2447
4755,0.5
4756,0.194
4757,0.5
4758,0.9716
4759,0.7189
4760,0.9563
4761,0.5
4762,0.92195
4763,0.50115
4764,0.99465
4765,0.5
4766,0.86875
4767,0.97355
4768,0.81245
4769,0.6692
4770,0.47495
4771,0.9568
4772,0.818
4773,0.92405
4774,0.67
4775,0.3411
4776,0.1757
4777,0.6115
4778,0.94895
4779,0.61175
4780,0.78335
4781,-0.29675
4782,0.55605
4783,-0.06335
4784,0.37945
4785,0.59555
4786,0.2742
4787,0.90625
4788,0.95805
4789,0.40115
4790,0.48275
4791,0.6691
4792,0.27115
4793,0.57655
4794,0.45135
4795,0.75635
4796,0.564
4797,0.9134
4798,0.81245
4799,0.7912
4800,0.8953
4801,0.76725
4802,0.85755
4803,0.60115
4804,0.9063
4805,0.81845
4806,0.60095
4807,0.6366
4808,0.90035
4809,0.9344
4810,0.9375
4811,0.70095
4812,0.58895
4813,0.80575
4814,0.42445
4815,0.8429
4816,0.66565
4817,0.81755
4818,0.35225
4819,0.5
4820,0.836
4821,0.81245
4822,0.93915
4823,0.8133
4824,0.90055
4825,0.8011
4826,0.8576
4827,0.7972
4828,0.70095
4829,0.5
4830,0.5
4831,0.8842
4832,0.94035
4833,0.81845
4834,0.92995
4835,0.9088
4836,0.78215
4837,0.95005
4838,0.5
4839,0.8715
4840,0.81845
4841,0.7202
4842,0.8112
4843,0.8035
4844,0.83525
4845,0.86325
4846,0.6673
4847,0.02445
4848,0.65445
4849,-0.33435
4850,0.8592
4851,0.9781
4852,0.7775
4853,0.918
4854,0.69935
4855,0.3
4856,0.83525
4857,0.92775
4858,0.7787
4859,0.70015
4860,0.70985
4861,0.488
4862,0.81245
4863,0.36345
4864,0.5386
4865,0.8953
4866,0.96435
4867,0.38595
4868,0.2247
4869,0.7715
4870,0.8295
4871,0.71075
4872,0.9729
4873,0.7695
4874,0.9667
4875,0.8548
4876,0.95495
4877,0.91355
4878,0.81245
4879,0.9035
4880,0.7521
4881,0.81595
4882,0.8294
4883,0.165
4884,0.6358
4885,0.6366
4886,0.65445
4887,0.31155
4888,0.76275
4889,0.9158
4890,0.818
4891,-0.1294
4892,0.5875
4893,0.8816
4894,0.7377
4895,0.6191
4896,0.90235
4897,0.336
4898,0.33
4899,0.18575
4900,0.9933
4901,0.8898
4902,0.36225
4903,-0.00985
4904,-0.3443
4905,0.88145
4906,0.5386
4907,0.26165
4908,0.9511
4909,0.81245
4910,0.1009
4911,0.58805
4912,0.9294
4913,0.74695
4914,0.94615
